-- phpMyAdmin SQL Dump
-- version 4.6.6deb5
-- https://www.phpmyadmin.net/
--
-- Host: localhost:3306
-- Generation Time: Dec 19, 2019 at 06:38 PM
-- Server version: 5.7.26-0ubuntu0.18.10.1
-- PHP Version: 7.2.19-0ubuntu0.18.10.1

SET SQL_MODE = "NO_AUTO_VALUE_ON_ZERO";
SET time_zone = "+00:00";


/*!40101 SET @OLD_CHARACTER_SET_CLIENT=@@CHARACTER_SET_CLIENT */;
/*!40101 SET @OLD_CHARACTER_SET_RESULTS=@@CHARACTER_SET_RESULTS */;
/*!40101 SET @OLD_COLLATION_CONNECTION=@@COLLATION_CONNECTION */;
/*!40101 SET NAMES utf8mb4 */;

--
-- Database: `examlive`
--

-- --------------------------------------------------------

--
-- Table structure for table `choices`
--

CREATE TABLE `choices` (
  `question_id` int(11) NOT NULL,
  `letter` varchar(8) DEFAULT NULL,
  `choice_value` varchar(512) DEFAULT NULL,
  `is_correct` int(11) DEFAULT NULL
) ENGINE=InnoDB DEFAULT CHARSET=utf8;

--
-- Dumping data for table `choices`
--

INSERT INTO `choices` (`question_id`, `letter`, `choice_value`, `is_correct`) VALUES
(140, 'A', 'It is a relation between sets', 1),
(140, 'B', 'It is the set of the images of all elements in the domain', 0),
(140, 'C', 'Something else', 0),
(140, 'D', 'I do not know', 0),
(141, 'A', 'Relations that are both univalent and total', 0),
(141, 'B', 'It is the set of the images of all elements in the domain', 1),
(141, 'C', 'It is functional notation', 0),
(141, 'D', 'Defines the function using an equation', 0),
(142, 'A', 'Structure', 0),
(142, 'B', 'Domain', 0),
(142, 'C', 'Function', 1),
(142, 'D', 'Object', 0),
(143, 'A', 'A mapping', 0),
(143, 'B', 'Well-defined collection of distinct objects', 1),
(143, 'C', 'A structured formula', 0),
(143, 'D', 'A list that contains duplicate values', 0),
(144, 'A', '1', 0),
(144, 'B', '2', 0),
(144, 'C', '3', 0),
(144, 'D', '4', 1),
(145, 'A', 'Quadratic', 0),
(145, 'B', 'Cubic', 0),
(145, 'C', 'Linear', 1),
(145, 'D', '5-th polynomial', 0),
(146, 'A', '3', 0),
(146, 'B', '4', 0),
(146, 'C', '56', 1),
(146, 'D', '5', 0),
(147, 'A', 'We will see', 0),
(147, 'B', 'For sure', 1),
(147, 'C', 'Have not tested yet', 0),
(147, 'D', 'Do not know', 0),
(148, 'A', 'Perfect', 1),
(148, 'B', 'Good', 0),
(148, 'C', 'Awesome', 0),
(148, 'D', 'So so', 0),
(149, 'A', 'Linear', 0),
(149, 'B', 'Quadratic', 1),
(149, 'C', 'Cubic', 0),
(149, 'D', '4-th degree', 0),
(150, 'A', 'P', 1),
(150, 'B', 'C', 0),
(150, 'C', 'A', 0),
(150, 'D', 'M', 0);

-- --------------------------------------------------------

--
-- Table structure for table `courses`
--

CREATE TABLE `courses` (
  `id` int(20) NOT NULL,
  `title` varchar(128) NOT NULL
) ENGINE=InnoDB DEFAULT CHARSET=utf8;

--
-- Dumping data for table `courses`
--

INSERT INTO `courses` (`id`, `title`) VALUES
(1, 'Operating Systems'),
(2, 'Introduction to Economics'),
(3, 'Probability and Statistics'),
(4, 'Business English'),
(5, 'Application Programming in Java'),
(6, 'Database System Concepts'),
(8, 'Introduction to IT'),
(9, 'Computer Algorithms'),
(10, 'Signals and Systems'),
(12, 'Calculus');

-- --------------------------------------------------------

--
-- Table structure for table `exams`
--

CREATE TABLE `exams` (
  `id` int(20) NOT NULL,
  `course_id` int(20) NOT NULL,
  `prof_id` varchar(8) NOT NULL,
  `ip_address` varchar(128) DEFAULT NULL,
  `port_number` int(20) DEFAULT NULL,
  `status` int(20) DEFAULT '0',
  `title` varchar(255) DEFAULT NULL
) ENGINE=InnoDB DEFAULT CHARSET=utf8;

--
-- Dumping data for table `exams`
--

INSERT INTO `exams` (`id`, `course_id`, `prof_id`, `ip_address`, `port_number`, `status`, `title`) VALUES
(112, 12, 'P00001', '192.168.43.27 ', 7777, 0, 'Midterm'),
(113, 0, 'P00001', NULL, NULL, 0, 'hey'),
(114, 12, 'P00001', '192.168.43.81 ', 7777, 0, 'Final Exam'),
(115, 12, 'P00001', '192.168.43.81 ', 7777, 0, 'quiz'),
(116, 12, 'P00001', '192.168.0.105 ', 7777, 0, 'Quiz 2'),
(117, 12, 'P00001', '192.168.0.105 ', 7777, 0, 'Quiz 3'),
(118, 12, 'P00001', '192.168.0.105 ', 7777, 0, 'Quiz 4'),
(119, 12, 'P00001', '192.168.43.27 ', 7777, 0, 'Quiz_final'),
(120, 12, 'P00001', NULL, NULL, 0, 'Quiz 5'),
(121, 3, 'P00010', NULL, NULL, 0, 'Midterm'),
(122, 3, 'P00010', NULL, NULL, 0, 'Midterm'),
(123, 6, 'P00011', NULL, NULL, 0, 'Final Exam');

-- --------------------------------------------------------

--
-- Table structure for table `professors`
--

CREATE TABLE `professors` (
  `id` varchar(8) NOT NULL DEFAULT '0',
  `password` varchar(128) NOT NULL,
  `full_name` varchar(128) NOT NULL
) ENGINE=InnoDB DEFAULT CHARSET=utf8;

--
-- Dumping data for table `professors`
--

INSERT INTO `professors` (`id`, `password`, `full_name`) VALUES
('P00001', '867977', 'Dokov Steftcho'),
('P00002', '972778', 'Grame Medd'),
('P00008', '401413', 'Sarvar Abdullaev'),
('P00009', '369731', 'Jose Tongzon'),
('P00010', '100737', 'Bahodir Ahmedov'),
('P00011', '417211', 'Alessandro Agostini'),
('P00012', '523706', 'Ashish Seth'),
('P00013', '345108', 'Chongkoo An'),
('P00014', '597878', 'Turdibaev Rustamxoja');

--
-- Triggers `professors`
--
DELIMITER $$
CREATE TRIGGER `tg_professors_insert` BEFORE INSERT ON `professors` FOR EACH ROW BEGIN
  INSERT INTO professors_seq VALUES (NULL);
  SET NEW.id = CONCAT('P', LPAD(LAST_INSERT_ID(), 5, '0'));
END
$$
DELIMITER ;

-- --------------------------------------------------------

--
-- Table structure for table `professors_seq`
--

CREATE TABLE `professors_seq` (
  `id` int(11) NOT NULL
) ENGINE=InnoDB DEFAULT CHARSET=utf8;

--
-- Dumping data for table `professors_seq`
--

INSERT INTO `professors_seq` (`id`) VALUES
(1),
(2),
(3),
(4),
(5),
(6),
(7),
(8),
(9),
(10),
(11),
(12),
(13),
(14);

-- --------------------------------------------------------

--
-- Table structure for table `questions`
--

CREATE TABLE `questions` (
  `id` int(20) NOT NULL,
  `exam_id` int(11) NOT NULL,
  `question` varchar(512) DEFAULT NULL,
  `question_number` int(11) DEFAULT NULL
) ENGINE=InnoDB DEFAULT CHARSET=utf8;

--
-- Dumping data for table `questions`
--

INSERT INTO `questions` (`id`, `exam_id`, `question`, `question_number`) VALUES
(140, 112, 'What is function?', 1),
(141, 112, 'What is range of a function?', 2),
(142, 112, 'What is mapping?', 3),
(143, 112, 'Define a set in mathematics:', 4),
(144, 112, 'Solve x+2x+3x+...+100x=2000', 5),
(145, 112, 'What is the type of this function: y=2x+1', 6),
(146, 114, 'What is the page size of Ext/ FWD?', 1),
(147, 116, 'Is the bug fix effective now?', 1),
(148, 117, 'How are you?', 1),
(149, 118, 'What is the type of this equation: x^2+2x+1=0', 1),
(150, 122, 'How do we denote permutations?', 1);

-- --------------------------------------------------------

--
-- Table structure for table `responses`
--

CREATE TABLE `responses` (
  `id` int(11) NOT NULL,
  `student_id` varchar(8) NOT NULL,
  `exam_id` int(11) NOT NULL,
  `answer` varchar(2) DEFAULT NULL,
  `score` int(11) DEFAULT NULL,
  `question_number` int(11) DEFAULT NULL,
  `session_id` int(11) DEFAULT NULL
) ENGINE=InnoDB DEFAULT CHARSET=utf8;

--
-- Dumping data for table `responses`
--

INSERT INTO `responses` (`id`, `student_id`, `exam_id`, `answer`, `score`, `question_number`, `session_id`) VALUES
(60, 'S00035', 109, 'A', 0, 1, 3),
(61, 'S00035', 109, 'D', 0, 2, 3),
(62, 'S00035', 109, 'C', 1, 3, 3),
(63, 'S00035', 109, 'D', 0, 4, 3),
(64, 'S00043', 109, 'B', 0, 1, 3),
(65, 'S00043', 109, 'B', 0, 2, 3),
(66, 'S00043', 109, 'C', 1, 3, 3),
(67, 'S00043', 109, 'D', 0, 4, 3),
(68, 'S00035', 109, 'B', 0, 1, 4),
(69, 'S00035', 109, 'B', 0, 2, 4),
(70, 'S00035', 109, 'C', 1, 3, 4),
(71, 'S00035', 109, 'B', 1, 4, 4),
(72, 'S00035', 109, 'A', 0, 4, 4),
(73, 'S00035', 109, 'A', 0, 4, 4),
(74, 'S00035', 109, 'A', 0, 4, 4),
(75, 'S00035', 109, 'A', 0, 4, 4),
(76, 'S00035', 109, 'A', 0, 4, 4),
(77, 'S00035', 109, 'A', 0, 4, 4),
(78, 'S00035', 109, 'A', 0, 4, 4),
(79, 'S00035', 109, 'A', 0, 4, 4),
(80, 'S00035', 109, 'A', 0, 4, 4),
(81, 'S00035', 109, 'A', 0, 4, 4),
(82, 'S00035', 109, 'A', 0, 1, 5),
(83, 'S00035', 109, 'B', 0, 2, 5),
(84, 'S00035', 109, 'C', 1, 3, 5),
(85, 'S00035', 109, 'D', 0, 4, 5),
(86, 'S00035', 109, 'A', 0, 1, 7),
(87, 'S00035', 109, 'B', 0, 2, 7),
(88, 'S00035', 109, 'C', 1, 3, 7),
(89, 'S00035', 109, 'B', 1, 4, 7),
(90, 'S00035', 109, 'B', 0, 1, 12),
(91, 'S00035', 109, 'A', 0, 2, 12),
(92, 'S00035', 109, 'D', 0, 3, 12),
(93, 'S00035', 109, 'A', 0, 4, 12),
(94, 'S00035', 109, 'A', 0, 1, 15),
(95, 'S00035', 109, 'C', 1, 2, 15),
(96, 'S00035', 109, 'C', 1, 3, 15),
(97, 'S00035', 109, 'A', 0, 4, 15),
(98, 'S00035', 109, 'A', 0, 1, 16),
(99, 'S00035', 109, 'C', 1, 2, 16),
(100, 'S00035', 109, 'C', 1, 3, 16),
(101, 'S00035', 109, 'C', 0, 4, 16),
(102, 'S00035', 109, 'A', 0, 1, 17),
(103, 'S00035', 109, 'C', 1, 2, 17),
(104, 'S00035', 109, 'C', 1, 3, 17),
(105, 'S00035', 109, 'C', 0, 4, 17),
(106, 'S00035', 109, 'C', 1, 1, 18),
(107, 'S00035', 109, 'A', 0, 2, 18),
(108, 'S00035', 109, 'C', 1, 3, 18),
(109, 'S00035', 109, 'D', 0, 4, 18),
(110, 'S00035', 109, 'C', 1, 1, 19),
(111, 'S00035', 109, 'A', 0, 2, 19),
(112, 'S00035', 109, 'C', 1, 3, 19),
(113, 'S00035', 109, 'D', 0, 4, 19),
(114, 'S00035', 109, 'A', 0, 1, 20),
(115, 'S00035', 109, 'C', 1, 2, 20),
(116, 'S00035', 109, 'C', 1, 3, 20),
(117, 'S00035', 109, 'D', 0, 4, 20),
(118, 'S00035', 109, 'A', 0, 1, 21),
(119, 'S00035', 109, 'C', 1, 2, 21),
(120, 'S00035', 109, 'C', 1, 3, 21),
(121, 'S00035', 109, 'C', 0, 4, 21),
(122, 'S00035', 109, 'A', 0, 1, 22),
(123, 'S00035', 109, 'C', 1, 2, 22),
(124, 'S00035', 109, 'C', 1, 3, 22),
(125, 'S00035', 109, 'D', 0, 4, 22),
(126, 'S00035', 109, 'A', 0, 1, 23),
(127, 'S00035', 109, 'C', 1, 2, 23),
(128, 'S00035', 109, 'C', 1, 3, 23),
(129, 'S00035', 109, 'C', 0, 4, 23),
(130, 'S00035', 109, 'A', 0, 1, 26),
(131, 'S00035', 109, 'C', 1, 2, 26),
(132, 'S00035', 109, 'C', 1, 3, 26),
(133, 'S00035', 109, 'D', 0, 4, 26),
(134, 'S00035', 109, 'A', 0, 1, 30),
(135, 'S00035', 109, 'B', 0, 2, 30),
(136, 'S00035', 109, 'C', 1, 3, 30),
(137, 'S00035', 109, 'D', 0, 4, 30),
(138, 'S00043', 109, 'B', 0, 1, 31),
(139, 'S00035', 109, 'A', 0, 1, 31),
(140, 'S00035', 109, 'B', 0, 2, 31),
(141, 'S00035', 109, 'C', 1, 3, 31),
(142, 'S00035', 109, 'D', 0, 4, 31),
(143, 'S00043', 109, 'C', 1, 1, 32),
(144, 'S00035', 109, 'B', 0, 1, 32),
(145, 'S00043', 109, 'D', 0, 2, 32),
(146, 'S00035', 109, 'C', 1, 3, 32),
(147, 'S00035', 109, 'D', 0, 4, 32),
(148, 'S00035', 109, 'A', 0, 1, 33),
(149, 'S00035', 109, 'C', 1, 2, 33),
(150, 'S00035', 109, 'C', 1, 3, 33),
(151, 'S00035', 109, 'D', 0, 4, 33),
(152, 'S00043', 109, 'A', 0, 1, 33),
(153, 'S00043', 109, 'D', 0, 2, 33),
(154, 'S00043', 109, 'C', 1, 3, 33),
(155, 'S00043', 109, 'D', 0, 4, 33),
(156, 'S00035', 109, 'C', 1, 1, 35),
(157, 'S00035', 109, 'D', 0, 2, 35),
(158, 'S00035', 109, 'C', 1, 3, 35),
(159, 'S00035', 109, 'D', 0, 4, 35),
(160, 'S00043', 109, 'C', 1, 1, 35),
(161, 'S00043', 109, 'D', 0, 2, 35),
(162, 'S00043', 109, 'D', 0, 3, 35),
(163, 'S00043', 109, 'C', 0, 4, 35),
(164, 'S00035', 109, 'C', 1, 1, 36),
(165, 'S00035', 109, 'D', 0, 2, 36),
(166, 'S00035', 109, 'C', 1, 3, 36),
(167, 'S00035', 109, 'D', 0, 4, 36),
(168, 'S00043', 109, 'D', 0, 1, 36),
(169, 'S00043', 109, 'C', 1, 2, 36),
(170, 'S00043', 109, 'C', 1, 3, 36),
(171, 'S00035', 109, 'C', 1, 1, 45),
(172, 'S00043', 109, 'C', 1, 1, 45),
(173, 'S00043', 109, 'D', 0, 2, 45),
(174, 'S00043', 109, 'C', 1, 3, 45),
(175, 'S00043', 109, 'D', 0, 4, 45),
(176, 'S00035', 109, 'D', 0, 2, 45),
(177, 'S00035', 109, 'C', 1, 1, 46),
(178, 'S00035', 109, 'D', 0, 2, 46),
(179, 'S00035', 109, 'C', 1, 3, 46),
(180, 'S00035', 109, 'D', 0, 4, 46),
(181, 'S00043', 109, 'C', 1, 1, 46),
(182, 'S00043', 109, 'D', 0, 2, 46),
(183, 'S00043', 109, 'C', 1, 3, 46),
(184, 'S00043', 109, 'D', 0, 4, 46),
(185, 'S00035', 109, 'C', 1, 1, 47),
(186, 'S00035', 109, 'D', 0, 2, 47),
(187, 'S00035', 109, 'C', 1, 3, 47),
(188, 'S00035', 109, 'C', 0, 4, 47),
(189, 'S00035', 109, 'C', 1, 1, 48),
(190, 'S00035', 109, 'D', 0, 2, 48),
(191, 'S00035', 109, 'D', 0, 3, 48),
(192, 'S00035', 109, 'D', 0, 4, 48),
(193, 'S00035', 109, 'C', 1, 1, 49),
(194, 'S00035', 109, 'D', 0, 2, 49),
(195, 'S00035', 109, 'C', 1, 3, 49),
(196, 'S00035', 109, 'D', 0, 4, 49),
(197, 'S00035', 109, 'C', 1, 1, 50),
(198, 'S00035', 109, 'C', 1, 2, 50),
(199, 'S00035', 109, 'C', 1, 3, 50),
(200, 'S00035', 109, 'C', 0, 4, 50),
(201, 'S00035', 109, 'C', 1, 1, 52),
(202, 'S00035', 109, 'D', 0, 2, 52),
(203, 'S00035', 109, 'C', 1, 3, 52),
(204, 'S00035', 109, 'C', 0, 4, 52),
(205, 'S00035', 109, 'C', 1, 1, 55),
(206, 'S00035', 109, 'D', 0, 2, 55),
(207, 'S00035', 109, 'C', 1, 3, 55),
(208, 'S00035', 109, 'D', 0, 4, 55),
(209, 'S00035', 109, 'C', 1, 1, 56),
(210, 'S00035', 109, 'D', 0, 2, 56),
(211, 'S00035', 109, 'D', 0, 3, 56),
(212, 'S00035', 109, 'C', 0, 4, 56),
(213, 'S00043', 109, 'C', 1, 1, 56),
(214, 'S00043', 109, 'D', 0, 2, 56),
(215, 'S00043', 109, 'C', 1, 3, 56),
(216, 'S00043', 109, 'D', 0, 4, 56),
(217, 'S00043', 109, 'C', 1, 1, 57),
(218, 'S00043', 109, 'D', 0, 1, 57),
(219, 'S00035', 109, 'C', 1, 2, 57),
(220, 'S00035', 109, 'C', 1, 3, 57),
(221, 'S00043', 109, 'D', 0, 4, 57),
(222, 'S00035', 109, 'D', 0, 1, 59),
(223, 'S00035', 109, 'B', 0, 2, 59),
(224, 'S00035', 109, 'C', 1, 3, 59),
(225, 'S00035', 109, 'D', 0, 4, 59),
(226, 'S00043', 109, 'C', 1, 1, 59),
(227, 'S00043', 109, 'D', 0, 2, 59),
(228, 'S00043', 109, 'C', 1, 3, 59),
(229, 'S00043', 109, 'D', 0, 4, 59),
(230, 'S00003', 110, 'C', 0, 1, 62),
(231, 'S00003', 110, 'D', 0, 2, 62),
(232, 'S00005', 110, 'D', 0, 1, 62),
(233, 'S00003', 110, 'C', 0, 3, 62),
(234, 'S00003', 110, 'C', 0, 1, 65),
(235, 'S00003', 110, 'D', 0, 2, 65),
(236, 'S00005', 110, 'C', 0, 1, 65),
(237, 'S00005', 110, 'D', 1, 3, 65),
(238, 'S00035', 109, 'C', 1, 1, 66),
(239, 'S00035', 109, 'D', 0, 2, 66),
(240, 'S00035', 109, 'C', 1, 3, 66),
(241, 'S00035', 109, 'D', 0, 4, 66),
(242, 'S00035', 109, 'A', 0, 1, 68),
(243, 'S00035', 109, 'B', 0, 2, 68),
(244, 'S00035', 109, 'C', 1, 3, 68),
(245, 'S00035', 109, 'D', 0, 4, 68),
(246, 'S00035', 109, 'B', 0, 1, 69),
(247, 'S00035', 109, 'B', 0, 2, 69),
(248, 'S00035', 109, 'C', 1, 3, 69),
(249, 'S00043', 109, 'A', 0, 1, 69),
(250, 'S00043', 109, 'B', 0, 2, 69),
(251, 'S00043', 109, 'C', 1, 3, 69),
(252, 'S00043', 109, 'D', 0, 4, 69),
(253, 'S00035', 109, 'C', 0, 4, 69),
(254, 'S00035', 109, 'A', 0, 1, 70),
(255, 'S00035', 109, 'C', 1, 2, 70),
(256, 'S00043', 109, 'C', 1, 1, 70),
(257, 'S00043', 109, 'D', 0, 2, 70),
(258, 'S00043', 109, 'C', 1, 3, 70),
(259, 'S00043', 109, 'D', 0, 4, 70),
(260, 'S00035', 109, 'C', 1, 1, 71),
(261, 'S00035', 109, 'C', 1, 2, 71),
(262, 'S00035', 109, 'C', 1, 3, 71),
(263, 'S00043', 109, 'B', 0, 1, 71),
(264, 'S00043', 109, 'D', 0, 2, 71),
(265, 'S00043', 109, 'C', 1, 3, 71),
(266, 'S00043', 109, 'D', 0, 4, 71),
(267, 'S00035', 109, 'C', 1, 1, 78),
(268, 'S00035', 109, 'B', 0, 2, 78),
(269, 'S00035', 109, 'C', 1, 3, 78),
(270, 'S00035', 109, 'A', 0, 1, 79),
(271, 'S00035', 109, 'C', 1, 2, 79),
(272, 'S00035', 109, 'C', 1, 3, 79),
(273, 'S00035', 109, 'C', 1, 1, 80),
(274, 'S00035', 109, 'C', 1, 2, 80),
(275, 'S00035', 109, 'C', 1, 3, 80),
(276, 'S00035', 109, 'C', 1, 1, 81),
(277, 'S00035', 109, 'B', 0, 2, 81),
(278, 'S00035', 109, 'C', 1, 3, 81),
(279, 'S00035', 109, 'C', 1, 1, 82),
(280, 'S00035', 109, 'B', 0, 2, 82),
(281, 'S00035', 109, 'C', 1, 3, 82),
(282, 'S00035', 109, 'D', 0, 4, 82),
(283, 'S00035', 109, 'B', 0, 1, 85),
(284, 'S00035', 109, 'C', 1, 2, 85),
(285, 'S00035', 109, 'C', 1, 3, 85),
(286, 'S00035', 109, 'B', 0, 1, 86),
(287, 'S00035', 109, 'C', 1, 2, 86),
(288, 'S00035', 109, 'C', 1, 3, 86),
(289, 'S00035', 109, 'D', 0, 4, 86),
(290, 'S00035', 109, 'C', 1, 1, 88),
(291, 'S00035', 109, 'C', 1, 2, 88),
(292, 'S00035', 109, 'D', 0, 3, 88),
(293, 'S00035', 109, 'C', 0, 4, 88),
(294, 'S00035', 109, 'B', 0, 1, 89),
(295, 'S00035', 109, 'C', 1, 2, 89),
(296, 'S00035', 109, 'D', 0, 3, 89),
(297, 'S00035', 109, 'C', 0, 4, 89),
(298, 'S00035', 109, 'A', 0, 1, 90),
(299, 'S00035', 109, 'C', 1, 2, 90),
(300, 'S00035', 109, 'C', 1, 3, 90),
(301, 'S00035', 109, 'B', 0, 1, 91),
(302, 'S00035', 109, 'B', 0, 1, 92),
(303, 'S00035', 109, 'C', 1, 2, 92),
(304, 'S00035', 109, 'D', 0, 3, 92),
(305, 'S00035', 109, 'C', 0, 4, 92),
(306, 'S00043', 109, 'C', 1, 1, 94),
(307, 'S00043', 109, 'A', 0, 2, 94),
(308, 'S00043', 109, 'D', 0, 4, 94),
(309, 'S00043', 109, 'A', 0, 1, 95),
(310, 'S00043', 109, 'C', 1, 2, 95),
(311, 'S00043', 109, 'C', 1, 3, 95),
(312, 'S00043', 109, 'D', 0, 4, 95),
(313, 'S00035', 109, 'B', 0, 1, 96),
(314, 'S00035', 109, 'C', 1, 2, 96),
(315, 'S00035', 109, 'D', 0, 3, 96),
(316, 'S00035', 109, 'A', 0, 4, 96),
(317, 'S00043', 109, 'D', 0, 1, 97),
(318, 'S00043', 109, 'D', 0, 2, 97),
(319, 'S00043', 109, 'C', 1, 3, 97),
(320, 'S00035', 109, 'C', 1, 1, 99),
(321, 'S00035', 109, 'C', 1, 2, 99),
(322, 'S00035', 109, 'C', 1, 1, 101),
(323, 'S00035', 109, 'C', 1, 2, 101),
(324, 'S00035', 109, 'C', 1, 3, 101),
(325, 'S00035', 109, 'D', 0, 4, 101),
(326, 'S00035', 109, 'D', 0, 1, 102),
(327, 'S00035', 109, 'C', 1, 2, 102),
(328, 'S00035', 109, 'C', 1, 3, 102),
(329, 'S00035', 109, 'D', 0, 4, 102),
(330, 'S00035', 109, 'C', 1, 1, 103),
(331, 'S00035', 109, 'D', 0, 2, 103),
(332, 'S00035', 109, 'C', 1, 3, 103),
(333, 'S00035', 109, 'D', 0, 4, 103),
(334, 'S00035', 109, 'C', 1, 1, 104),
(335, 'S00035', 109, 'D', 0, 2, 104),
(336, 'S00035', 109, 'C', 1, 3, 104),
(337, 'S00035', 109, 'D', 0, 4, 104),
(338, 'S00035', 109, 'D', 0, 1, 106),
(339, 'S00035', 109, 'A', 0, 2, 106),
(340, 'S00035', 109, 'C', 1, 3, 106),
(341, 'S00035', 109, 'D', 0, 4, 106),
(342, 'S00035', 109, 'A', 0, 1, 107),
(343, 'S00035', 109, 'B', 0, 2, 107),
(344, 'S00035', 109, 'C', 1, 3, 107),
(345, 'S00035', 109, 'D', 0, 4, 107),
(346, 'S00035', 109, 'A', 0, 1, 108),
(347, 'S00035', 109, 'B', 0, 2, 108),
(348, 'S00035', 109, 'C', 1, 3, 108),
(349, 'S00035', 109, 'D', 0, 4, 108),
(350, 'S00035', 109, 'B', 0, 1, 110),
(351, 'S00035', 109, 'D', 0, 2, 110),
(352, 'S00035', 109, 'C', 1, 3, 110),
(353, 'S00035', 109, 'D', 0, 4, 110),
(354, 'S00035', 109, 'B', 0, 1, 111),
(355, 'S00035', 109, 'D', 0, 2, 111),
(356, 'S00035', 109, 'C', 1, 3, 111),
(357, 'S00035', 109, 'D', 0, 4, 111),
(358, 'S00043', 109, 'C', 1, 1, 111),
(359, 'S00043', 109, 'D', 0, 2, 111),
(360, 'S00043', 109, 'D', 0, 3, 111),
(361, 'S00043', 109, 'D', 0, 4, 111),
(362, 'S00035', 109, 'A', 0, 1, 112),
(363, 'S00043', 109, 'D', 0, 1, 112),
(364, 'S00043', 109, 'D', 0, 2, 112),
(365, 'S00035', 109, 'C', 1, 2, 112),
(366, 'S00043', 109, 'D', 0, 3, 112),
(367, 'S00035', 109, 'C', 1, 3, 112),
(368, 'S00043', 109, 'D', 0, 4, 112),
(369, 'S00035', 109, 'D', 0, 4, 112),
(370, 'S00035', 109, 'C', 1, 1, 114),
(371, 'S00035', 109, 'C', 1, 2, 114),
(372, 'S00035', 109, 'D', 0, 3, 114),
(373, 'S00035', 109, 'C', 0, 4, 114),
(374, 'S00043', 109, 'C', 1, 1, 114),
(375, 'S00043', 109, 'C', 1, 2, 114),
(376, 'S00043', 109, 'C', 1, 3, 114),
(377, 'S00043', 109, 'D', 0, 4, 114),
(378, 'S00035', 109, 'C', 1, 1, 115),
(379, 'S00035', 109, 'D', 0, 2, 115),
(380, 'S00035', 109, 'D', 0, 3, 115),
(381, 'S00035', 109, 'D', 0, 4, 115),
(382, 'S00035', 109, 'C', 1, 1, 116),
(383, 'S00035', 109, 'A', 0, 2, 116),
(384, 'S00035', 109, 'D', 0, 3, 116),
(385, 'S00035', 109, 'C', 0, 4, 116),
(386, 'S00035', 109, 'A', 0, 1, 117),
(387, 'S00035', 109, 'D', 0, 2, 117),
(388, 'S00035', 109, 'C', 1, 3, 117),
(389, 'S00035', 109, 'D', 0, 4, 117),
(390, 'S00035', 109, 'D', 0, 1, 118),
(391, 'S00035', 109, 'D', 0, 2, 118),
(392, 'S00035', 109, 'C', 1, 3, 118),
(393, 'S00035', 109, 'C', 0, 4, 118),
(394, 'S00035', 109, 'C', 1, 1, 119),
(395, 'S00035', 109, 'D', 0, 2, 119),
(396, 'S00035', 109, 'C', 1, 3, 119),
(397, 'S00035', 109, 'C', 0, 4, 119),
(398, 'S00035', 109, 'C', 1, 1, 120),
(399, 'S00035', 109, 'D', 0, 2, 120),
(400, 'S00035', 109, 'C', 1, 3, 120),
(401, 'S00035', 109, 'D', 0, 4, 120),
(402, 'S00035', 109, 'C', 1, 1, 121),
(403, 'S00035', 109, 'D', 0, 2, 121),
(404, 'S00035', 109, 'C', 1, 3, 121),
(405, 'S00035', 109, 'C', 0, 4, 121),
(406, 'S00035', 109, 'C', 1, 1, 122),
(407, 'S00035', 109, 'D', 0, 2, 122),
(408, 'S00035', 109, 'D', 0, 3, 122),
(409, 'S00035', 109, 'D', 0, 4, 122),
(410, 'S00035', 111, 'C', 0, 1, 123),
(411, 'S00035', 109, 'C', 1, 1, 124),
(412, 'S00035', 109, 'D', 0, 2, 124),
(413, 'S00035', 109, 'C', 1, 3, 124),
(414, 'S00035', 109, 'C', 0, 4, 124),
(415, 'S00035', 109, 'A', 0, 1, 125),
(416, 'S00035', 109, 'C', 1, 2, 125),
(417, 'S00035', 109, 'C', 1, 3, 125),
(418, 'S00035', 109, 'D', 0, 4, 125),
(419, 'S00035', 109, 'D', 0, 1, 126),
(420, 'S00035', 109, 'C', 1, 2, 126),
(421, 'S00035', 109, 'D', 0, 3, 126),
(422, 'S00035', 109, 'C', 0, 4, 126),
(423, 'S00035', 109, 'C', 1, 1, 127),
(424, 'S00035', 109, 'D', 0, 2, 127),
(425, 'S00035', 109, 'C', 1, 3, 127),
(426, 'S00035', 109, 'D', 0, 4, 127),
(427, 'S00035', 109, 'B', 0, 1, 129),
(428, 'S00035', 109, 'C', 1, 2, 129),
(429, 'S00035', 109, 'C', 1, 1, 130),
(430, 'S00035', 109, 'B', 0, 2, 130),
(431, 'S00035', 109, 'D', 0, 3, 130),
(432, 'S00035', 109, 'C', 0, 4, 130),
(433, 'S00035', 109, 'C', 1, 1, 133),
(434, 'S00035', 109, 'D', 0, 2, 133),
(435, 'S00035', 109, 'C', 1, 1, 135),
(436, 'S00035', 109, 'C', 1, 1, 136),
(437, 'S00035', 109, 'D', 0, 2, 136),
(438, 'S00035', 109, 'D', 0, 3, 136),
(439, 'S00035', 109, 'B', 0, 1, 138),
(440, 'S00035', 109, 'C', 1, 2, 138),
(441, 'S00035', 109, 'D', 0, 3, 138),
(442, 'S00035', 109, 'C', 0, 4, 138),
(443, 'S00035', 109, 'C', 1, 1, 141),
(444, 'S00035', 109, 'C', 1, 2, 141),
(445, 'S00035', 109, 'C', 1, 3, 141),
(446, 'S00035', 109, 'D', 0, 4, 141),
(447, 'S00035', 109, 'C', 1, 1, 143),
(448, 'S00035', 109, 'D', 0, 2, 143),
(449, 'S00035', 109, 'C', 1, 1, 144),
(450, 'S00035', 109, 'D', 0, 2, 144),
(451, 'S00035', 109, 'C', 1, 3, 144),
(452, 'S00035', 109, 'A', 0, 1, 146),
(453, 'S00035', 109, 'D', 0, 2, 146),
(454, 'S00035', 109, 'C', 1, 3, 146),
(455, 'S00035', 109, 'D', 0, 4, 146),
(456, 'S00035', 109, 'C', 1, 1, 148),
(457, 'S00035', 109, 'C', 1, 2, 148),
(458, 'S00035', 109, 'D', 0, 1, 150),
(459, 'S00035', 109, 'B', 0, 2, 150),
(460, 'S00035', 109, 'C', 1, 3, 150),
(461, 'S00035', 109, 'D', 0, 4, 150),
(462, 'S00035', 109, 'A', 0, 1, 151),
(463, 'S00035', 109, 'D', 0, 2, 151),
(464, 'S00035', 109, 'C', 1, 3, 151),
(465, 'S00035', 109, 'D', 0, 4, 151),
(466, 'S00035', 109, 'B', 0, 1, 152),
(467, 'S00035', 109, 'B', 0, 2, 152),
(468, 'S00035', 109, 'C', 1, 3, 152),
(469, 'S00035', 109, 'D', 0, 4, 152),
(470, 'S00035', 109, 'C', 1, 1, 153),
(471, 'S00035', 109, 'D', 0, 2, 153),
(472, 'S00035', 109, 'D', 0, 3, 153),
(473, 'S00035', 109, 'D', 0, 4, 153),
(474, 'S00035', 109, 'C', 1, 1, 154),
(475, 'S00035', 109, 'B', 0, 2, 154),
(476, 'S00035', 109, 'D', 0, 3, 154),
(477, 'S00035', 109, 'C', 0, 4, 154),
(478, 'S00035', 109, 'D', 0, 1, 156),
(479, 'S00035', 109, 'C', 1, 2, 156),
(480, 'S00035', 109, 'D', 0, 3, 156),
(481, 'S00035', 109, 'C', 0, 4, 156),
(482, 'S00035', 109, 'C', 1, 1, 157),
(483, 'S00035', 109, 'D', 0, 2, 157),
(484, 'S00035', 109, 'D', 0, 3, 157),
(485, 'S00035', 109, 'C', 0, 4, 157),
(486, 'S00035', 109, 'B', 0, 1, 158),
(487, 'S00035', 109, 'D', 0, 2, 158),
(488, 'S00035', 109, 'D', 0, 3, 158),
(489, 'S00035', 109, 'D', 0, 4, 158),
(490, 'S00035', 109, 'B', 0, 1, 159),
(491, 'S00035', 109, 'D', 0, 2, 159),
(492, 'S00035', 109, 'D', 0, 3, 159),
(493, 'S00035', 109, 'C', 0, 4, 159),
(494, 'S00035', 109, 'B', 0, 1, 162),
(495, 'S00035', 109, 'A', 0, 2, 162),
(496, 'S00035', 109, 'C', 1, 3, 162),
(497, 'S00035', 109, 'C', 0, 4, 162),
(498, 'S00035', 112, 'A', 1, 1, 163),
(499, 'S00035', 112, 'B', 1, 2, 163),
(500, 'S00035', 112, 'D', 0, 3, 163),
(501, 'S00035', 112, 'B', 1, 4, 163),
(502, 'S00043', 112, 'B', 0, 1, 163),
(503, 'S00043', 112, 'A', 0, 2, 163),
(504, 'S00043', 112, 'D', 0, 3, 163),
(505, 'S00043', 112, 'C', 0, 4, 163),
(506, 'S00043', 112, 'C', 0, 5, 163),
(507, 'S00043', 112, 'D', 0, 6, 163),
(508, 'S00035', 112, 'B', 0, 1, 164),
(509, 'S00035', 112, 'A', 0, 2, 164),
(510, 'S00035', 112, 'D', 0, 3, 164),
(511, 'S00035', 112, 'A', 0, 4, 164),
(512, 'S00035', 112, 'B', 0, 5, 164),
(513, 'S00035', 112, 'C', 1, 6, 164),
(514, 'S00035', 112, 'A', 1, 1, 165),
(515, 'S00035', 112, 'C', 0, 2, 165),
(516, 'S00035', 112, 'C', 1, 3, 165),
(517, 'S00035', 112, 'B', 0, 1, 166),
(518, 'S00035', 112, 'C', 0, 2, 166),
(519, 'S00035', 112, 'D', 0, 3, 166),
(520, 'S00035', 112, 'B', 1, 4, 166),
(521, 'S00035', 112, 'D', 1, 5, 166),
(522, 'S00035', 112, 'C', 1, 6, 166),
(523, 'S00035', 112, 'A', 1, 1, 167),
(524, 'S00035', 112, 'B', 1, 2, 167),
(525, 'S00035', 112, 'A', 0, 3, 167),
(526, 'S00035', 112, 'C', 0, 4, 167),
(527, 'S00035', 112, 'B', 0, 5, 167),
(528, 'S00035', 112, 'D', 0, 6, 167),
(529, 'S00035', 112, 'A', 1, 1, 168),
(530, 'S00035', 112, 'D', 0, 2, 168),
(531, 'S00035', 112, 'C', 1, 3, 168),
(532, 'S00035', 112, 'D', 0, 4, 168),
(533, 'S00035', 112, 'A', 0, 5, 168),
(534, 'S00035', 112, 'C', 1, 6, 168),
(535, 'S00035', 112, 'B', 0, 1, 171),
(536, 'S00035', 112, 'C', 0, 2, 171),
(537, 'S00035', 112, 'D', 0, 3, 171),
(538, 'S00035', 112, 'A', 0, 4, 171),
(539, 'S00035', 112, 'B', 0, 5, 171),
(540, 'S00035', 112, 'C', 1, 6, 171),
(541, 'S00035', 112, 'B', 0, 1, 172),
(542, 'S00035', 112, 'D', 0, 2, 172),
(543, 'S00035', 112, 'A', 0, 3, 172),
(544, 'S00035', 112, 'B', 1, 4, 172),
(545, 'S00035', 112, 'C', 0, 5, 172),
(546, 'S00035', 112, 'B', 0, 6, 172),
(547, 'S00035', 112, 'A', 1, 1, 173),
(548, 'S00035', 112, 'D', 0, 2, 173),
(549, 'S00035', 112, 'C', 1, 3, 173),
(550, 'S00035', 112, 'B', 1, 4, 173),
(551, 'S00035', 112, 'A', 0, 5, 173),
(552, 'S00035', 112, 'B', 0, 6, 173),
(553, 'S00035', 112, 'A', 1, 1, 176),
(554, 'S00035', 112, 'D', 0, 2, 176),
(555, 'S00035', 112, 'B', 0, 3, 176),
(556, 'S00035', 112, 'C', 0, 4, 176),
(557, 'S00035', 112, 'A', 0, 5, 176),
(558, 'S00035', 112, 'D', 0, 6, 176),
(559, 'S00035', 112, 'B', 0, 1, 177),
(560, 'S00035', 112, 'C', 0, 2, 177),
(561, 'S00035', 112, 'A', 1, 1, 178),
(562, 'S00035', 112, 'D', 0, 2, 178),
(563, 'S00035', 112, 'C', 1, 3, 178),
(564, 'S00035', 112, 'A', 1, 1, 179),
(565, 'S00035', 112, 'D', 0, 2, 179),
(566, 'S00035', 112, 'B', 0, 3, 179),
(567, 'S00035', 112, 'C', 0, 4, 179),
(568, 'S00035', 112, 'D', 1, 5, 179),
(569, 'S00035', 112, 'C', 1, 6, 179),
(570, 'S00043', 112, 'A', 1, 1, 180),
(571, 'S00043', 112, 'C', 0, 2, 180),
(572, 'S00043', 112, 'D', 0, 3, 180),
(573, 'S00043', 112, 'B', 1, 4, 180),
(574, 'S00043', 112, 'A', 0, 5, 180),
(575, 'S00043', 112, 'C', 1, 6, 180),
(576, 'S00035', 112, 'A', 1, 1, 181),
(577, 'S00035', 112, 'D', 0, 2, 181),
(578, 'S00035', 112, 'A', 0, 3, 181),
(579, 'S00035', 112, 'B', 1, 4, 181),
(580, 'S00035', 112, 'A', 0, 5, 181),
(581, 'S00035', 112, 'B', 0, 6, 181),
(582, 'S00043', 112, 'A', 1, 1, 182),
(583, 'S00043', 112, 'D', 0, 2, 182),
(584, 'S00043', 112, 'C', 1, 3, 182),
(585, 'S00035', 112, 'B', 0, 1, 185),
(586, 'S00043', 112, 'D', 0, 1, 185),
(587, 'S00035', 112, 'D', 0, 2, 185),
(588, 'S00035', 112, 'C', 1, 3, 185),
(589, 'S00043', 112, 'D', 0, 2, 185),
(590, 'S00043', 112, 'D', 0, 3, 185),
(591, 'S00043', 112, 'D', 0, 4, 185),
(592, 'S00035', 112, 'B', 1, 4, 185),
(593, 'S00035', 112, 'C', 0, 5, 185),
(594, 'S00035', 112, 'B', 0, 6, 185),
(595, 'S00043', 112, 'D', 1, 5, 185),
(596, 'S00043', 112, 'C', 1, 6, 185),
(597, 'S00035', 112, 'A', 1, 1, 188),
(598, 'S00035', 112, 'B', 1, 2, 188),
(599, 'S00035', 112, 'A', 0, 3, 188),
(600, 'S00035', 112, 'B', 1, 4, 188),
(601, 'S00035', 112, 'A', 0, 5, 188),
(602, 'S00035', 112, 'A', 0, 6, 188),
(603, 'S00035', 112, 'A', 1, 1, 189),
(604, 'S00035', 112, 'D', 0, 2, 189),
(605, 'S00035', 112, 'C', 1, 3, 189),
(606, 'S00035', 112, 'B', 1, 4, 189),
(607, 'S00035', 112, 'C', 0, 5, 189),
(608, 'S00035', 112, 'D', 0, 6, 189),
(609, 'S00035', 112, 'A', 1, 1, 190),
(610, 'S00035', 112, 'C', 0, 2, 190),
(611, 'S00035', 112, 'B', 0, 3, 190),
(612, 'S00035', 112, 'D', 0, 4, 190),
(613, 'S00035', 112, 'B', 0, 5, 190),
(614, 'S00035', 112, 'A', 0, 6, 190),
(615, 'S00035', 112, 'A', 1, 1, 191),
(616, 'S00035', 112, 'D', 0, 2, 191),
(617, 'S00035', 112, 'B', 0, 3, 191),
(618, 'S00035', 112, 'C', 0, 4, 191),
(619, 'S00035', 112, 'A', 0, 5, 191),
(620, 'S00035', 112, 'D', 0, 6, 191),
(621, 'S00035', 112, 'A', 1, 1, 193),
(622, 'S00035', 112, 'C', 0, 2, 193),
(623, 'S00035', 112, 'B', 0, 3, 193),
(624, 'S00043', 112, 'C', 0, 1, 193),
(625, 'S00043', 112, 'A', 0, 2, 193),
(626, 'S00043', 112, 'B', 0, 3, 193),
(627, 'S00043', 112, 'A', 0, 4, 193),
(628, 'S00043', 112, 'A', 0, 5, 193),
(629, 'S00043', 112, 'A', 0, 6, 193),
(630, 'S00035', 112, 'A', 1, 1, 194),
(631, 'S00035', 112, 'C', 0, 2, 194),
(632, 'S00035', 112, 'B', 0, 3, 194),
(633, 'S00035', 112, 'C', 0, 4, 194),
(634, 'S00035', 112, 'A', 1, 1, 197),
(635, 'S00035', 112, 'C', 0, 2, 197),
(636, 'S00035', 112, 'A', 1, 1, 199),
(637, 'S00035', 112, 'C', 0, 2, 199),
(638, 'S00035', 112, 'B', 0, 3, 199),
(639, 'S00035', 112, 'D', 0, 4, 199),
(640, 'S00035', 112, 'C', 0, 5, 199),
(641, 'S00035', 112, 'B', 0, 6, 199),
(642, 'S00035', 112, 'B', 0, 1, 200),
(643, 'S00035', 112, 'D', 0, 2, 200),
(644, 'S00035', 112, 'C', 1, 3, 200),
(645, 'S00035', 112, 'A', 0, 4, 200),
(646, 'S00035', 112, 'C', 0, 5, 200),
(647, 'S00035', 112, 'B', 0, 6, 200),
(648, 'S00035', 112, 'A', 1, 1, 204),
(649, 'S00035', 112, 'B', 1, 2, 204),
(650, 'S00035', 112, 'C', 1, 3, 204),
(651, 'S00035', 112, 'A', 0, 4, 204),
(652, 'S00035', 112, 'A', 1, 1, 205),
(653, 'S00035', 112, 'C', 0, 2, 205),
(654, 'S00035', 112, 'C', 1, 3, 205),
(655, 'S00043', 112, 'C', 0, 1, 205),
(656, 'S00043', 112, 'B', 1, 2, 205),
(657, 'S00043', 112, 'C', 1, 3, 205),
(658, 'S00043', 112, 'B', 1, 4, 205),
(659, 'S00043', 112, 'C', 0, 5, 205),
(660, 'S00043', 112, 'D', 0, 6, 205),
(661, 'S00035', 112, 'D', 0, 1, 206),
(662, 'S00035', 112, 'A', 0, 2, 206),
(663, 'S00035', 112, 'B', 0, 3, 206),
(664, 'S00035', 112, 'C', 0, 4, 206),
(665, 'S00035', 112, 'D', 1, 5, 206),
(666, 'S00035', 112, 'C', 1, 6, 206),
(667, 'S00035', 112, 'A', 1, 1, 207),
(668, 'S00035', 112, 'A', 0, 2, 207),
(669, 'S00035', 112, 'A', 0, 3, 207),
(670, 'S00035', 112, 'A', 0, 4, 207),
(671, 'S00035', 112, 'A', 0, 5, 207),
(672, 'S00035', 112, 'A', 0, 6, 207),
(673, 'S00035', 112, 'A', 1, 1, 208),
(674, 'S00035', 112, 'A', 0, 2, 208),
(675, 'S00035', 112, 'B', 0, 3, 208),
(676, 'S00035', 112, 'B', 1, 4, 208),
(677, 'S00035', 112, 'A', 0, 5, 208),
(678, 'S00035', 112, 'A', 0, 6, 208),
(679, 'S00035', 112, 'D', 0, 1, 209),
(680, 'S00035', 112, 'A', 0, 2, 209),
(681, 'S00035', 112, 'B', 0, 3, 209),
(682, 'S00035', 112, 'C', 0, 4, 209),
(683, 'S00035', 112, 'D', 1, 5, 209),
(684, 'S00035', 112, 'B', 0, 6, 209),
(685, 'S00035', 112, 'A', 1, 1, 210),
(686, 'S00035', 112, 'C', 0, 2, 210),
(687, 'S00035', 112, 'B', 0, 3, 210),
(688, 'S00035', 112, 'B', 1, 4, 210),
(689, 'S00035', 112, 'A', 0, 5, 210),
(690, 'S00035', 112, 'B', 0, 6, 210),
(691, 'S00043', 112, 'C', 0, 1, 213),
(692, 'S00043', 112, 'B', 1, 2, 213),
(693, 'S00043', 112, 'C', 1, 3, 213),
(694, 'S00043', 112, 'B', 1, 4, 213),
(695, 'S00043', 112, 'B', 0, 5, 213),
(696, 'S00043', 112, 'C', 1, 6, 213),
(697, 'S00035', 117, 'A', 1, 1, 215),
(698, 'S00035', 117, 'B', 0, 1, 217),
(699, 'S00035', 112, 'A', 1, 1, 218),
(700, 'S00035', 112, 'C', 0, 2, 218),
(701, 'S00035', 112, 'B', 0, 3, 218),
(702, 'S00035', 112, 'D', 0, 4, 218),
(703, 'S00035', 112, 'D', 1, 5, 218),
(704, 'S00035', 112, 'C', 1, 6, 218),
(705, 'S00035', 118, 'B', 1, 1, 223),
(706, 'S00035', 112, 'A', 1, 1, 226),
(707, 'S00035', 112, 'C', 0, 2, 226),
(708, 'S00035', 112, 'B', 0, 3, 226),
(709, 'S00035', 112, 'D', 0, 4, 226),
(710, 'S00035', 112, 'C', 0, 5, 226),
(711, 'S00035', 112, 'C', 1, 6, 226),
(712, 'S00035', 112, 'B', 0, 1, 227),
(713, 'S00035', 112, 'C', 0, 2, 227),
(714, 'S00035', 112, 'D', 0, 3, 227),
(715, 'S00035', 112, 'B', 1, 4, 227),
(716, 'S00035', 112, 'A', 0, 5, 227),
(717, 'S00035', 112, 'C', 1, 6, 227),
(718, 'S00035', 112, 'C', 0, 1, 229),
(719, 'S00035', 112, 'A', 0, 2, 229),
(720, 'S00035', 112, 'D', 0, 3, 229),
(721, 'S00035', 112, 'B', 1, 4, 229),
(722, 'S00035', 112, 'D', 1, 5, 229),
(723, 'S00035', 112, 'B', 0, 6, 229),
(724, 'S00075', 112, 'B', 0, 1, 232),
(725, 'S00043', 112, 'B', 0, 1, 232),
(726, 'S00043', 112, 'D', 0, 2, 232),
(727, 'S00043', 112, 'C', 1, 3, 232),
(728, 'S00075', 112, 'D', 0, 2, 232),
(729, 'S00075', 112, 'C', 1, 3, 232),
(730, 'S00035', 112, 'C', 0, 1, 232),
(731, 'S00035', 112, 'A', 0, 2, 232),
(732, 'S00035', 112, 'C', 1, 3, 232),
(733, 'S00075', 112, 'A', 0, 4, 232),
(734, 'S00075', 112, 'C', 0, 5, 232),
(735, 'S00043', 112, 'C', 0, 4, 232),
(736, 'S00035', 112, 'C', 0, 4, 232),
(737, 'S00035', 112, 'D', 1, 5, 232),
(738, 'S00075', 112, 'D', 0, 6, 232),
(739, 'S00035', 112, 'B', 0, 1, 233),
(740, 'S00043', 112, 'A', 1, 1, 233),
(741, 'S00073', 112, 'B', 0, 1, 233),
(742, 'S00073', 112, 'A', 0, 2, 233),
(743, 'S00073', 112, 'C', 1, 3, 233),
(744, 'S00035', 112, 'B', 1, 2, 233),
(745, 'S00073', 112, 'B', 1, 4, 233),
(746, 'S00073', 112, 'C', 0, 5, 233),
(747, 'S00035', 112, 'C', 1, 3, 233),
(748, 'S00073', 112, 'A', 0, 6, 233),
(749, 'S00035', 112, 'B', 1, 4, 233),
(750, 'S00035', 112, 'C', 0, 5, 233),
(751, 'S00035', 112, 'C', 1, 6, 233),
(752, 'S00043', 112, 'A', 0, 2, 233),
(753, 'S00043', 112, 'A', 1, 1, 234),
(754, 'S00043', 112, 'B', 1, 2, 234),
(755, 'S00035', 112, 'C', 0, 1, 234),
(756, 'S00043', 112, 'C', 1, 3, 234),
(757, 'S00035', 112, 'B', 1, 2, 234),
(758, 'S00043', 112, 'B', 1, 4, 234),
(759, 'S00073', 112, 'A', 1, 1, 235),
(760, 'S00073', 112, 'A', 0, 2, 235),
(761, 'S00073', 112, 'A', 0, 3, 235),
(762, 'S00073', 112, 'A', 0, 4, 235),
(763, 'S00043', 112, 'A', 1, 1, 235),
(764, 'S00043', 112, 'A', 0, 2, 235),
(765, 'S00035', 112, 'B', 0, 1, 236),
(766, 'S00035', 112, 'B', 1, 2, 236),
(767, 'S00073', 112, 'B', 0, 1, 236),
(768, 'S00073', 112, 'B', 1, 2, 236),
(769, 'S00073', 112, 'B', 0, 3, 236),
(770, 'S00073', 112, 'C', 0, 4, 236),
(771, 'S00073', 112, 'C', 0, 5, 236),
(772, 'S00043', 112, 'B', 0, 1, 237),
(773, 'S00043', 112, 'B', 1, 2, 237),
(774, 'S00043', 112, 'A', 0, 3, 237),
(775, 'S00043', 112, 'B', 1, 4, 237),
(776, 'S00043', 112, 'C', 0, 5, 237),
(777, 'S00043', 112, 'B', 0, 6, 237),
(778, 'S00043', 112, 'A', 1, 1, 237),
(779, 'S00043', 112, 'C', 0, 2, 237),
(780, 'S00043', 112, 'A', 0, 3, 237),
(781, 'S00043', 112, 'B', 1, 4, 237),
(782, 'S00043', 112, 'B', 0, 5, 237),
(783, 'S00043', 112, 'A', 0, 6, 237),
(784, 'S00035', 112, 'A', 1, 1, 237),
(785, 'S00035', 112, 'B', 1, 2, 237),
(786, 'S00035', 112, 'C', 1, 3, 237),
(787, 'S00035', 112, 'B', 1, 4, 237),
(788, 'S00035', 112, 'B', 0, 5, 237),
(789, 'S00035', 112, 'B', 0, 6, 237),
(790, 'S00043', 112, 'B', 0, 1, 238),
(791, 'S00043', 112, 'B', 1, 2, 238),
(792, 'S00035', 112, 'B', 0, 1, 238),
(793, 'S00043', 112, 'B', 0, 3, 238),
(794, 'S00035', 112, 'B', 1, 2, 238),
(795, 'S00035', 112, 'C', 1, 3, 238),
(796, 'S00035', 112, 'B', 1, 4, 238),
(797, 'S00043', 112, 'C', 0, 4, 238),
(798, 'S00035', 112, 'A', 0, 5, 238),
(799, 'S00035', 112, 'B', 0, 1, 239),
(800, 'S00035', 112, 'B', 1, 2, 239),
(801, 'S00035', 112, 'B', 0, 3, 239),
(802, 'S00078', 112, 'A', 1, 1, 239),
(803, 'S00035', 112, 'B', 1, 4, 239),
(804, 'S00078', 112, 'A', 1, 1, 240),
(805, 'S00078', 112, 'D', 0, 2, 240),
(806, 'S00078', 112, 'C', 1, 3, 240),
(807, 'S00035', 112, 'B', 0, 1, 240),
(808, 'S00043', 112, 'B', 0, 1, 240),
(809, 'S00047', 112, 'B', 0, 1, 240),
(810, 'S00078', 112, 'C', 0, 4, 240),
(811, 'S00035', 112, 'B', 1, 2, 240),
(812, 'S00043', 112, 'C', 0, 2, 240),
(813, 'S00047', 112, 'C', 0, 2, 240),
(814, 'S00078', 112, 'B', 0, 5, 240),
(815, 'S00035', 112, 'C', 1, 3, 240),
(816, 'S00043', 112, 'A', 1, 1, 241),
(817, 'S00088', 112, 'B', 0, 1, 241),
(818, 'S00080', 112, 'B', 0, 1, 241),
(819, 'S00043', 112, 'A', 0, 2, 241),
(820, 'S00088', 112, 'C', 0, 2, 241),
(821, 'S00080', 112, 'C', 0, 2, 241),
(822, 'S00043', 112, 'C', 1, 3, 241),
(823, 'S00088', 112, 'A', 0, 3, 241),
(824, 'S00080', 112, 'A', 0, 3, 241),
(825, 'S00086', 112, 'A', 1, 1, 243),
(826, 'S00080', 112, 'B', 0, 1, 243),
(827, 'S00088', 112, 'B', 0, 1, 243),
(828, 'S00086', 112, 'C', 0, 2, 243),
(829, 'S00080', 112, 'B', 1, 2, 243),
(830, 'S00088', 112, 'C', 0, 2, 243),
(831, 'S00080', 112, 'B', 0, 1, 244),
(832, 'S00088', 112, 'B', 0, 1, 244),
(833, 'S00088', 112, 'B', 1, 2, 244),
(834, 'S00080', 112, 'A', 0, 2, 244),
(835, 'S00088', 112, 'B', 0, 3, 244),
(836, 'S00088', 112, 'B', 1, 4, 244),
(837, 'S00080', 112, 'A', 0, 3, 244),
(838, 'S00086', 112, 'A', 1, 1, 245),
(839, 'S00086', 112, 'C', 0, 2, 245),
(840, 'S00086', 112, 'C', 1, 3, 245),
(841, 'S00086', 112, 'C', 0, 4, 245),
(842, 'S00086', 112, 'C', 0, 5, 245),
(843, 'S00088', 112, 'A', 1, 1, 247),
(844, 'S00080', 112, 'B', 0, 1, 247),
(845, 'S00088', 112, 'C', 0, 2, 247),
(846, 'S00080', 112, 'B', 1, 2, 247),
(847, 'S00088', 112, 'C', 1, 3, 247),
(848, 'S00080', 112, 'A', 0, 3, 247),
(849, 'S00088', 112, 'B', 1, 4, 247),
(850, 'S00080', 112, 'C', 0, 4, 247),
(851, 'S00035', 112, 'C', 0, 1, 247),
(852, 'S00080', 112, 'A', 0, 5, 247),
(853, 'S00047', 112, 'C', 0, 1, 247),
(854, 'S00080', 112, 'D', 0, 6, 247),
(855, 'S00088', 112, 'C', 0, 5, 247),
(856, 'S00035', 112, 'D', 0, 2, 247),
(857, 'S00047', 112, 'A', 1, 1, 248),
(858, 'S00047', 112, 'B', 1, 2, 248),
(859, 'S00088', 112, 'C', 0, 1, 248),
(860, 'S00047', 112, 'A', 0, 3, 248);

-- --------------------------------------------------------

--
-- Table structure for table `sessions`
--

CREATE TABLE `sessions` (
  `id` int(11) NOT NULL,
  `started_at` varchar(128) DEFAULT NULL,
  `finished_at` varchar(128) DEFAULT NULL
) ENGINE=InnoDB DEFAULT CHARSET=utf8;

--
-- Dumping data for table `sessions`
--

INSERT INTO `sessions` (`id`, `started_at`, `finished_at`) VALUES
(1, '2019-12-10 12:04:54', '2019-12-10 23:59:41'),
(2, '2019-12-10 12:26:39', '2019-12-10 23:59:41'),
(3, '2019-12-10 12:26:53', '2019-12-10 23:59:41'),
(4, '2019-12-10 12:58:49', '2019-12-10 23:59:41'),
(5, '2019-12-10 15:25:07', '2019-12-10 23:59:41'),
(6, '2019-12-10 17:22:43', '2019-12-10 23:59:41'),
(7, '2019-12-10 17:23:01', '2019-12-10 23:59:41'),
(8, '2019-12-10 21:11:44', '2019-12-10 23:59:41'),
(9, '2019-12-10 21:12:00', '2019-12-10 23:59:41'),
(10, '2019-12-10 21:12:35', '2019-12-10 23:59:41'),
(11, '2019-12-10 21:12:47', '2019-12-10 23:59:41'),
(12, '2019-12-10 21:13:46', '2019-12-10 23:59:41'),
(13, '2019-12-10 21:28:58', '2019-12-10 23:59:41'),
(14, '2019-12-10 21:33:19', '2019-12-10 23:59:41'),
(15, '2019-12-10 21:33:30', '2019-12-10 23:59:41'),
(16, '2019-12-10 21:36:02', '2019-12-10 23:59:41'),
(17, '2019-12-10 21:37:56', '2019-12-10 23:59:41'),
(18, '2019-12-10 21:39:59', '2019-12-10 23:59:41'),
(19, '2019-12-10 21:42:24', '2019-12-10 23:59:41'),
(20, '2019-12-10 21:50:39', '2019-12-10 23:59:41'),
(21, '2019-12-10 21:51:37', '2019-12-10 23:59:41'),
(22, '2019-12-10 21:52:36', '2019-12-10 23:59:41'),
(23, '2019-12-10 22:59:13', '2019-12-10 23:59:41'),
(24, '2019-12-10 23:55:56', '2019-12-10 23:59:41'),
(25, '2019-12-10 23:57:01', '2019-12-10 23:59:41'),
(26, '2019-12-10 23:57:16', '2019-12-10 23:59:41'),
(27, '2019-12-10 23:58:03', '2019-12-10 23:59:41'),
(28, '2019-12-10 23:58:17', '2019-12-10 23:59:41'),
(29, '2019-12-10 23:58:39', '2019-12-10 23:59:41'),
(30, '2019-12-10 23:59:10', '2019-12-10 23:59:41'),
(31, '2019-12-11 00:02:14', '2019-12-11 00:03:50'),
(32, '2019-12-11 00:06:02', '2019-12-11 00:08:29'),
(33, '2019-12-11 09:22:01', '2019-12-11 09:23:00'),
(34, '2019-12-11 10:09:42', NULL),
(35, '2019-12-11 10:09:55', '2019-12-11 10:11:01'),
(36, '2019-12-11 10:16:02', NULL),
(37, '2019-12-11 10:17:59', NULL),
(38, '2019-12-11 10:18:11', NULL),
(39, '2019-12-11 10:18:24', NULL),
(40, '2019-12-11 10:18:36', NULL),
(41, '2019-12-11 10:18:52', NULL),
(42, '2019-12-11 10:19:12', NULL),
(43, '2019-12-11 10:19:34', NULL),
(44, '2019-12-11 10:19:48', NULL),
(45, '2019-12-11 10:23:17', '2019-12-11 10:24:13'),
(46, '2019-12-11 12:34:06', '2019-12-11 12:35:29'),
(47, '2019-12-11 12:36:34', '2019-12-11 12:37:09'),
(48, '2019-12-11 12:50:22', '2019-12-11 12:51:26'),
(49, '2019-12-11 12:53:29', NULL),
(50, '2019-12-11 12:54:49', '2019-12-11 12:55:10'),
(51, '2019-12-11 13:01:11', NULL),
(52, '2019-12-11 13:01:22', '2019-12-11 13:03:48'),
(53, '2019-12-11 13:04:46', NULL),
(54, '2019-12-11 13:04:58', NULL),
(55, '2019-12-11 13:06:06', '2019-12-11 13:06:25'),
(56, '2019-12-11 13:07:14', '2019-12-11 13:08:53'),
(57, '2019-12-11 13:10:03', NULL),
(58, '2019-12-11 13:11:23', NULL),
(59, '2019-12-11 14:33:05', '2019-12-11 14:37:17'),
(60, '2019-12-11 14:42:25', NULL),
(61, '2019-12-11 14:42:45', NULL),
(62, '2019-12-11 14:43:00', '2019-12-11 14:45:10'),
(63, '2019-12-11 14:45:56', NULL),
(64, '2019-12-11 14:46:12', NULL),
(65, '2019-12-11 14:46:25', '2019-12-11 14:48:40'),
(66, '2019-12-11 20:59:46', NULL),
(67, '2019-12-11 21:05:58', NULL),
(68, '2019-12-11 21:06:09', '2019-12-11 21:06:44'),
(69, '2019-12-11 21:08:44', '2019-12-11 21:10:05'),
(70, '2019-12-11 21:59:11', '2019-12-11 22:00:47'),
(71, '2019-12-11 22:15:49', '2019-12-11 22:18:44'),
(72, '2019-12-11 22:28:06', NULL),
(73, '2019-12-11 22:41:19', NULL),
(74, '2019-12-11 22:43:32', NULL),
(75, '2019-12-11 22:45:36', NULL),
(76, '2019-12-11 22:48:58', NULL),
(77, '2019-12-11 22:49:13', NULL),
(78, '2019-12-11 22:59:11', NULL),
(79, '2019-12-11 23:04:34', NULL),
(80, '2019-12-11 23:11:50', NULL),
(81, '2019-12-11 23:12:45', NULL),
(82, '2019-12-11 23:14:37', '2019-12-11 23:14:57'),
(83, '2019-12-11 23:28:10', NULL),
(84, '2019-12-11 23:28:26', NULL),
(85, '2019-12-11 23:28:42', NULL),
(86, '2019-12-11 23:32:11', '2019-12-11 23:33:25'),
(87, '2019-12-11 23:41:15', NULL),
(88, '2019-12-11 23:42:38', '2019-12-11 23:43:07'),
(89, '2019-12-11 23:43:54', '2019-12-11 23:44:21'),
(90, '2019-12-12 14:06:07', '2019-12-12 14:07:12'),
(91, '2019-12-12 14:07:45', '2019-12-12 14:08:12'),
(92, '2019-12-12 15:36:18', '2019-12-12 15:38:15'),
(93, '2019-12-12 15:44:20', NULL),
(94, '2019-12-12 15:44:31', '2019-12-12 15:47:23'),
(95, '2019-12-12 15:49:07', '2019-12-12 15:49:41'),
(96, '2019-12-12 21:02:20', '2019-12-12 21:02:41'),
(97, '2019-12-12 21:04:41', NULL),
(98, '2019-12-12 21:07:35', NULL),
(99, '2019-12-12 21:11:40', '2019-12-12 21:11:59'),
(100, '2019-12-12 21:19:09', NULL),
(101, '2019-12-12 21:20:09', '2019-12-12 21:20:34'),
(102, '2019-12-12 21:23:03', '2019-12-12 21:23:37'),
(103, '2019-12-12 21:32:07', '2019-12-12 21:32:32'),
(104, '2019-12-12 21:56:14', '2019-12-12 21:56:36'),
(105, '2019-12-12 22:09:49', NULL),
(106, '2019-12-12 22:10:01', '2019-12-12 22:10:31'),
(107, '2019-12-12 22:19:03', '2019-12-12 22:19:26'),
(108, '2019-12-12 22:23:49', '2019-12-12 22:24:10'),
(109, '2019-12-12 22:27:21', NULL),
(110, '2019-12-12 22:27:32', '2019-12-12 22:27:53'),
(111, '2019-12-12 22:29:21', '2019-12-12 22:30:50'),
(112, '2019-12-12 22:39:00', '2019-12-12 22:39:52'),
(113, '2019-12-12 22:41:23', NULL),
(114, '2019-12-12 22:41:34', NULL),
(115, '2019-12-12 22:47:07', '2019-12-12 22:47:31'),
(116, '2019-12-12 22:48:00', '2019-12-12 22:48:20'),
(117, '2019-12-13 10:38:58', '2019-12-13 10:41:14'),
(118, '2019-12-13 10:41:36', '2019-12-13 10:42:08'),
(119, '2019-12-13 10:43:18', '2019-12-13 10:43:43'),
(120, '2019-12-13 10:55:27', '2019-12-13 10:56:01'),
(121, '2019-12-13 10:56:34', '2019-12-13 10:56:52'),
(122, '2019-12-13 11:03:56', '2019-12-13 11:04:47'),
(123, '2019-12-13 11:07:13', '2019-12-13 11:07:48'),
(124, '2019-12-13 11:16:30', '2019-12-13 11:16:57'),
(125, '2019-12-13 11:17:43', '2019-12-13 11:18:31'),
(126, '2019-12-13 11:19:11', '2019-12-13 11:19:35'),
(127, '2019-12-13 11:21:19', '2019-12-13 11:21:42'),
(128, '2019-12-13 11:22:14', NULL),
(129, '2019-12-13 11:22:14', '2019-12-13 11:22:42'),
(130, '2019-12-13 11:24:23', '2019-12-13 11:24:46'),
(131, '2019-12-13 11:25:24', NULL),
(132, '2019-12-13 11:25:50', '2019-12-13 11:25:53'),
(133, '2019-12-13 11:26:11', '2019-12-13 11:26:38'),
(134, '2019-12-13 11:27:11', NULL),
(135, '2019-12-13 11:27:50', NULL),
(136, '2019-12-13 11:29:19', '2019-12-13 11:30:04'),
(137, '2019-12-13 11:31:05', NULL),
(138, '2019-12-13 11:31:16', '2019-12-13 11:32:16'),
(139, '2019-12-13 11:43:03', NULL),
(140, '2019-12-13 11:43:20', NULL),
(141, '2019-12-13 11:43:31', '2019-12-13 11:44:58'),
(142, '2019-12-13 11:45:36', NULL),
(143, '2019-12-13 11:45:51', '2019-12-13 11:47:12'),
(144, '2019-12-13 11:48:02', '2019-12-13 11:48:35'),
(145, '2019-12-13 11:55:25', NULL),
(146, '2019-12-13 11:56:19', '2019-12-13 11:57:05'),
(147, '2019-12-13 11:58:13', NULL),
(148, '2019-12-13 11:58:35', '2019-12-13 11:59:17'),
(149, '2019-12-13 15:17:27', NULL),
(150, '2019-12-13 15:17:40', '2019-12-13 15:18:06'),
(151, '2019-12-13 15:19:18', '2019-12-13 15:19:43'),
(152, '2019-12-13 15:20:10', '2019-12-13 15:20:28'),
(153, '2019-12-13 15:20:55', '2019-12-13 15:21:22'),
(154, '2019-12-13 15:24:26', NULL),
(155, '2019-12-13 15:26:00', NULL),
(156, '2019-12-13 15:26:15', '2019-12-13 15:26:52'),
(157, '2019-12-13 19:18:03', '2019-12-13 19:18:41'),
(158, '2019-12-13 19:21:11', '2019-12-13 19:21:32'),
(159, '2019-12-13 20:16:31', '2019-12-13 20:16:56'),
(160, '2019-12-13 20:17:15', NULL),
(161, '2019-12-13 20:17:27', NULL),
(162, '2019-12-13 20:18:25', '2019-12-13 20:18:58'),
(163, '2019-12-13 20:42:42', '2019-12-13 20:44:34'),
(164, '2019-12-13 20:55:19', '2019-12-13 20:55:46'),
(165, '2019-12-13 20:56:15', '2019-12-13 20:56:35'),
(166, '2019-12-13 21:09:16', NULL),
(167, '2019-12-13 21:09:57', '2019-12-13 21:10:29'),
(168, '2019-12-13 21:18:43', '2019-12-13 21:19:07'),
(169, '2019-12-13 21:20:40', NULL),
(170, '2019-12-13 21:20:50', NULL),
(171, '2019-12-13 21:23:20', '2019-12-13 21:23:44'),
(172, '2019-12-13 21:24:02', '2019-12-13 21:24:23'),
(173, '2019-12-13 21:27:21', '2019-12-13 21:27:40'),
(174, '2019-12-13 21:28:12', NULL),
(175, '2019-12-13 21:28:22', NULL),
(176, '2019-12-13 21:28:32', '2019-12-13 21:28:51'),
(177, '2019-12-13 21:30:37', '2019-12-13 21:31:09'),
(178, '2019-12-13 21:31:57', '2019-12-13 21:32:28'),
(179, '2019-12-13 21:32:58', '2019-12-13 21:33:30'),
(180, '2019-12-13 21:34:43', '2019-12-13 21:35:12'),
(181, '2019-12-13 21:37:23', '2019-12-13 21:38:00'),
(182, '2019-12-13 21:38:29', NULL),
(183, '2019-12-13 21:39:48', NULL),
(184, '2019-12-13 21:39:58', NULL),
(185, '2019-12-13 21:40:20', '2019-12-13 21:41:52'),
(186, '2019-12-13 21:44:46', NULL),
(187, '2019-12-13 21:44:57', NULL),
(188, '2019-12-13 21:45:17', '2019-12-13 21:45:51'),
(189, '2019-12-13 21:51:00', '2019-12-13 21:51:27'),
(190, '2019-12-13 21:52:05', NULL),
(191, '2019-12-13 21:52:49', '2019-12-13 21:53:10'),
(192, '2019-12-15 13:21:05', NULL),
(193, '2019-12-15 13:21:17', '2019-12-15 13:23:14'),
(194, '2019-12-15 16:56:41', '2019-12-15 16:57:01'),
(195, '2019-12-15 16:57:34', NULL),
(196, '2019-12-15 16:58:38', NULL),
(197, '2019-12-15 16:59:45', '2019-12-15 17:00:02'),
(198, '2019-12-15 17:01:37', NULL),
(199, '2019-12-15 17:06:37', '2019-12-15 17:06:48'),
(200, '2019-12-15 17:16:32', '2019-12-15 17:17:08'),
(201, '2019-12-15 17:33:32', NULL),
(202, '2019-12-15 17:34:05', NULL),
(203, '2019-12-15 17:34:16', NULL),
(204, '2019-12-15 17:57:01', NULL),
(205, '2019-12-15 18:04:43', '2019-12-15 18:06:23'),
(206, '2019-12-15 19:18:03', '2019-12-15 19:18:47'),
(207, '2019-12-15 19:19:21', NULL),
(208, '2019-12-15 19:21:23', NULL),
(209, '2019-12-15 19:23:26', '2019-12-15 19:23:40'),
(210, '2019-12-16 14:44:45', '2019-12-16 14:45:48'),
(211, '2019-12-16 14:50:27', NULL),
(212, '2019-12-16 14:50:49', NULL),
(213, '2019-12-16 14:51:01', '2019-12-16 14:52:13'),
(214, '2019-12-16 19:37:44', NULL),
(215, '2019-12-16 19:50:25', NULL),
(216, '2019-12-16 19:51:15', NULL),
(217, '2019-12-16 19:51:24', '2019-12-16 19:51:37'),
(218, '2019-12-16 21:36:26', '2019-12-16 21:36:44'),
(219, '2019-12-16 21:39:05', NULL),
(220, '2019-12-16 21:39:43', '2019-12-16 21:39:51'),
(221, '2019-12-16 21:40:13', '2019-12-16 21:40:16'),
(222, '2019-12-16 21:40:31', '2019-12-16 21:40:32'),
(223, '2019-12-17 09:18:39', '2019-12-17 09:19:03'),
(224, '2019-12-17 15:47:07', '2019-12-17 16:00:22'),
(225, '2019-12-17 16:00:39', '2019-12-17 16:02:36'),
(226, '2019-12-17 16:02:50', '2019-12-17 16:04:06'),
(227, '2019-12-17 16:05:58', '2019-12-17 16:18:05'),
(228, '2019-12-17 16:21:09', NULL),
(229, '2019-12-17 16:21:32', '2019-12-17 16:22:15'),
(230, '2019-12-17 16:40:08', '2019-12-17 16:42:16'),
(231, '2019-12-17 21:44:55', NULL),
(232, '2019-12-17 21:48:36', '2019-12-17 21:55:04'),
(233, '2019-12-18 14:14:05', NULL),
(234, '2019-12-18 14:29:11', '2019-12-18 14:29:41'),
(235, '2019-12-18 14:30:18', '2019-12-18 14:31:58'),
(236, '2019-12-18 14:35:15', '2019-12-18 14:38:39'),
(237, '2019-12-18 14:39:28', '2019-12-18 14:44:01'),
(238, '2019-12-18 14:45:27', NULL),
(239, '2019-12-18 14:46:43', NULL),
(240, '2019-12-18 14:49:43', '2019-12-18 14:50:29'),
(241, '2019-12-19 14:09:41', NULL),
(242, '2019-12-19 14:13:06', NULL),
(243, '2019-12-19 14:14:19', '2019-12-19 14:15:59'),
(244, '2019-12-19 14:16:17', NULL),
(245, '2019-12-19 14:17:21', '2019-12-19 14:18:32'),
(246, '2019-12-19 14:18:54', '2019-12-19 14:21:01'),
(247, '2019-12-19 18:08:33', NULL),
(248, '2019-12-19 18:10:36', '2019-12-19 18:10:59');

-- --------------------------------------------------------

--
-- Table structure for table `students`
--

CREATE TABLE `students` (
  `id` varchar(8) NOT NULL DEFAULT '0',
  `password` varchar(128) NOT NULL,
  `full_name` varchar(128) DEFAULT NULL
) ENGINE=InnoDB DEFAULT CHARSET=utf8;

--
-- Dumping data for table `students`
--

INSERT INTO `students` (`id`, `password`, `full_name`) VALUES
('S00003', '331370', 'Lazizbek Abdullaev'),
('S00004', '733832', 'Mahmud Karimov'),
('S00005', '675914', 'Abrorov Javohir'),
('S00006', '955755', 'Inoyat Ashurov'),
('S00010', '118451', 'Nurullaev Azam'),
('S00011', '160814', 'Sanjar Karimov'),
('S00012', '127098', 'Bahrom Shukurov'),
('S00013', '842638', 'Mahmudov Sodiqjon'),
('S00015', '419896', 'Umarova Nodira'),
('S00016', '941554', 'Anvarova Nargiza'),
('S00017', '528295', 'Anvarov Ibrat'),
('S00018', '036698', 'Qahhorova Madina'),
('S00019', '669148', 'Choriyev Firdavs'),
('S00020', '286415', 'Ismatov Islom'),
('S00021', '131857', 'Ikromov Jasur'),
('S00022', '363263', 'Kamolov Ilhom'),
('S00023', '644732', 'Temurov Iskandar'),
('S00024', '204320', 'Ahmedov Joniboy'),
('S00025', '851342', 'Abdullaev Jasur'),
('S00026', '443687', 'Abdusamatov Javohir'),
('S00027', '555466', 'Qosimova Saodat'),
('S00028', '829178', 'Fattorov Said'),
('S00029', '987322', 'Ismoilova Moxinur'),
('S00030', '818282', 'Tursunov Nursaid'),
('S00031', '054616', 'Xoldorova Nazokat'),
('S00032', '179818', 'PULATXANOVA UMIDAXON'),
('S00033', '836304', 'FOZILJONOVA DIYORAXON'),
('S00034', '572505', 'XAYITOV ZOKIRJON'),
('S00035', '577886', 'Avezov Amir'),
('S00036', '778467', 'Nuraliev Akbar'),
('S00037', '941889', 'Qahhorov Anvar'),
('S00038', '897153', 'Abdullaev Sanjar'),
('S00039', '050159', 'Yangieva Odinaxon'),
('S00040', '850072', 'Ashurova Mhoria'),
('S00041', '332442', 'Alimurodov Abdulaziz'),
('S00042', '892583', 'Student Studentov'),
('S00043', '567850', 'Azmidinov Ahror'),
('S00044', '390911', 'Asalov Shakar'),
('S00046', '864658', 'Holiqov Rashid'),
('S00047', '777777', 'M.Inadullaev'),
('S00048', '620639', 'Jumanov Javod'),
('S00049', '564933', 'Ahmedova Sabohat'),
('S00050', '429498', 'Ahmedov Shuhrat'),
('S00051', '836858', 'Ashurov Jumanazar'),
('S00052', '672312', 'Husanov Isomiddin'),
('S00053', '663375', 'Ahmedov Jamshid'),
('S00054', '379637', 'Jumaev Jahongir'),
('S00055', '572617', 'Rahmonov Jahongir'),
('S00056', '123114', 'Xojaev Jumabek'),
('S00057', '898945', 'Umurov Bahdorijon'),
('S00058', '332399', 'Axloqov Muxlot'),
('S00059', '812183', 'Qarshiev Mamadilo'),
('S00060', '295471', 'Jumanov Jumanazar'),
('S00061', '668740', 'Hakimov Jondor'),
('S00062', '008398', 'Ashurov Hikmat'),
('S00063', '274939', 'Juraev Bangi'),
('S00064', '494705', 'Uktamov Uchqun'),
('S00065', '551574', 'Ahmedova Nasiba'),
('S00066', '848620', 'Xulqov Murod'),
('S00067', '382601', 'Shukurov Hamid'),
('S00068', '771556', 'Asaev Saidabbos'),
('S00069', '445040', 'Umarov Jasur'),
('S00070', '692131', 'Xujaev Mullahuja'),
('S00071', '108111', 'Juraev Otabek'),
('S00072', '248628', 'Mahmudov Mamadilo'),
('S00073', '7777777', 'Bahodirov Janduz'),
('S00074', '353875', 'Makhmudjon Azimov'),
('S00075', '974649', 'Qayumov Ashurbek'),
('S00076', '073649', 'Qahhorova Feruza'),
('S00077', '720085', 'Jack Mallow'),
('S00078', '123456', 'Aziz Mamurov'),
('S00079', '535832', 'Rahmatov Javohir'),
('S00080', '143560', 'Turgunov Aytmuhammad'),
('S00081', '104713', 'Mamurbek Kushev'),
('S00082', '574996', 'Musulmonov Safarmurod'),
('S00083', '617769', 'Jasurov Ahror'),
('S00084', '213297', 'Mardiev Javlon'),
('S00085', '299708', 'Sadullaev Murod'),
('S00086', '768907', 'Abdullaev Azamat'),
('S00087', '752297', 'Qambarov Qudrat'),
('S00088', '691260', 'Tulaev Ulugbek'),
('S00089', '719796', 'Umarov Anvar'),
('S00090', '238345', 'Bekiev Qamvar'),
('S00091', '789594', 'Mahmudhujaev Saidakbar');

--
-- Triggers `students`
--
DELIMITER $$
CREATE TRIGGER `tg_students_insert` BEFORE INSERT ON `students` FOR EACH ROW BEGIN
  INSERT INTO students_seq VALUES (NULL);
  SET NEW.id = CONCAT('S', LPAD(LAST_INSERT_ID(), 5, '0'));
END
$$
DELIMITER ;

-- --------------------------------------------------------

--
-- Table structure for table `students_seq`
--

CREATE TABLE `students_seq` (
  `id` int(11) NOT NULL
) ENGINE=InnoDB DEFAULT CHARSET=utf8;

--
-- Dumping data for table `students_seq`
--

INSERT INTO `students_seq` (`id`) VALUES
(1),
(3),
(4),
(5),
(6),
(7),
(8),
(9),
(10),
(11),
(12),
(13),
(14),
(15),
(16),
(17),
(18),
(19),
(20),
(21),
(22),
(23),
(24),
(25),
(26),
(27),
(28),
(29),
(30),
(31),
(32),
(33),
(34),
(35),
(36),
(37),
(38),
(39),
(40),
(41),
(42),
(43),
(44),
(45),
(46),
(47),
(48),
(49),
(50),
(51),
(52),
(53),
(54),
(55),
(56),
(57),
(58),
(59),
(60),
(61),
(62),
(63),
(64),
(65),
(66),
(67),
(68),
(69),
(70),
(71),
(72),
(73),
(74),
(75),
(76),
(77),
(78),
(79),
(80),
(81),
(82),
(83),
(84),
(85),
(86),
(87),
(88),
(89),
(90),
(91);

-- --------------------------------------------------------

--
-- Table structure for table `take`
--

CREATE TABLE `take` (
  `id` varchar(8) NOT NULL,
  `course_id` int(11) NOT NULL
) ENGINE=InnoDB DEFAULT CHARSET=utf8;

--
-- Dumping data for table `take`
--

INSERT INTO `take` (`id`, `course_id`) VALUES
('S00003', 8),
('S00003', 9),
('S00003', 3),
('S00010', 1),
('S00010', 2),
('S00010', 6),
('S00010', 9),
('S00010', 10),
('S00012', 10),
('S00012', 9),
('S00012', 4),
('S00013', 2),
('S00013', 4),
('S00013', 8),
('S00011', 2),
('S00011', 8),
('S00011', 10),
('S00014', 10),
('S00014', 8),
('S00007', 8),
('S00007', 6),
('S00005', 3),
('S00005', 1),
('S00005', 2),
('S00005', 8),
('S00005', 6),
('S00006', 2),
('S00006', 8),
('S00006', 6),
('S00006', 5),
('S00004', 3),
('S00004', 6),
('S00004', 9),
('S00016', 5),
('S00016', 8),
('S00015', 4),
('S00015', 8),
('S00015', 2),
('S00008', 3),
('S00008', 6),
('S00018', 3),
('S00018', 6),
('S00018', 9),
('S00018', 10),
('S00019', 3),
('S00019', 6),
('S00017', 2),
('S00017', 3),
('S00017', 6),
('S00021', 4),
('S00021', 8),
('S00021', 6),
('S00022', 3),
('S00022', 5),
('S00020', 4),
('S00020', 8),
('S00024', 8),
('S00024', 6),
('S00023', 4),
('S00023', 8),
('S00025', 1),
('S00025', 3),
('S00025', 5),
('S00027', 2),
('S00027', 8),
('S00029', 3),
('S00029', 5),
('S00029', 8),
('S00028', 5),
('S00028', 3),
('S00028', 6),
('S00028', 9),
('S00031', 4),
('S00031', 2),
('S00031', 10),
('S00031', 6),
('S00026', 5),
('S00026', 9),
('S00030', 3),
('S00030', 5),
('S00033', 3),
('S00033', 8),
('S00034', 3),
('S00034', 8),
('S00032', 1),
('S00032', 5),
('S00032', 9),
('S00036', 4),
('S00036', 9),
('S00040', 4),
('S00038', 4),
('S00038', 8),
('S00037', 2),
('S00037', 8),
('S00039', 1),
('S00039', 4),
('S00039', 9),
('S00041', 5),
('S00035', 12),
('S00042', 1),
('S00042', 8),
('S00042', 5),
('S00043', 12),
('S00043', 10),
('S00044', 5),
('S00045', 12),
('S00045', 8),
('S00045', 4),
('S00045', 2),
('S00046', 4),
('S00046', 6),
('S00046', 8),
('S00046', 12),
('S00047', 3),
('S00047', 12),
('S00048', 12),
('S00048', 8),
('S00048', 4),
('S00048', 3),
('S00049', 3),
('S00049', 6),
('S00049', 10),
('S00050', 12),
('S00050', 8),
('S00050', 6),
('S00053', 12),
('S00053', 6),
('S00053', 8),
('S00053', 1),
('S00054', 2),
('S00054', 3),
('S00054', 12),
('S00052', 4),
('S00052', 8),
('S00052', 12),
('S00055', 12),
('S00055', 4),
('S00055', 8),
('S00056', 8),
('S00056', 12),
('S00056', 1),
('S00056', 2),
('S00051', 6),
('S00051', 3),
('S00051', 12),
('S00058', 3),
('S00058', 8),
('S00058', 9),
('S00058', 12),
('S00059', 4),
('S00059', 8),
('S00060', 3),
('S00060', 8),
('S00060', 10),
('S00060', 12),
('S00063', 4),
('S00063', 9),
('S00063', 12),
('S00063', 8),
('S00057', 3),
('S00057', 8),
('S00064', 12),
('S00062', 3),
('S00062', 5),
('S00065', 2),
('S00065', 5),
('S00065', 9),
('S00061', 3),
('S00061', 12),
('S00061', 8),
('S00067', 3),
('S00067', 6),
('S00066', 2),
('S00066', 8),
('S00069', 5),
('S00069', 8),
('S00069', 12),
('S00068', 2),
('S00068', 6),
('S00068', 10),
('S00071', 2),
('S00071', 6),
('S00071', 12),
('S00070', 12),
('S00070', 5),
('S00072', 4),
('S00072', 8),
('S00073', 2),
('S00073', 8),
('S00073', 12),
('S00074', 6),
('S00074', 12),
('S00074', 10),
('S00075', 4),
('S00075', 12),
('S00075', 1),
('S00078', 1),
('S00078', 2),
('S00078', 3),
('S00078', 4),
('S00078', 5),
('S00078', 6),
('S00078', 8),
('S00078', 9),
('S00078', 10),
('S00078', 12),
('S00086', 1),
('S00086', 2),
('S00086', 3),
('S00086', 4),
('S00086', 5),
('S00086', 6),
('S00086', 8),
('S00086', 9),
('S00086', 12),
('S00086', 10),
('S00080', 1),
('S00080', 2),
('S00080', 3),
('S00080', 4),
('S00080', 5),
('S00080', 6),
('S00080', 9),
('S00080', 10),
('S00080', 12),
('S00080', 8),
('S00082', 1),
('S00082', 4),
('S00082', 3),
('S00082', 2),
('S00082', 5),
('S00082', 6),
('S00082', 8),
('S00082', 12),
('S00082', 10),
('S00082', 9),
('S00088', 12),
('S00088', 10),
('S00088', 9),
('S00088', 8),
('S00088', 6),
('S00088', 5),
('S00088', 2),
('S00088', 1),
('S00088', 4),
('S00088', 3),
('S00091', 9),
('S00091', 8),
('S00091', 6),
('S00091', 5),
('S00091', 4),
('S00091', 3),
('S00091', 2),
('S00091', 1),
('S00091', 10),
('S00091', 12),
('S00090', 4),
('S00090', 9),
('S00090', 8),
('S00090', 6),
('S00090', 5);

-- --------------------------------------------------------

--
-- Table structure for table `teach`
--

CREATE TABLE `teach` (
  `id` varchar(8) NOT NULL,
  `course_id` int(11) NOT NULL
) ENGINE=InnoDB DEFAULT CHARSET=utf8;

--
-- Dumping data for table `teach`
--

INSERT INTO `teach` (`id`, `course_id`) VALUES
('P00009', 2),
('P00010', 3),
('P00002', 4),
('P00008', 5),
('P00011', 6),
('P00011', 8),
('P00012', 9),
('P00013', 10),
('P00001', 12);

--
-- Indexes for dumped tables
--

--
-- Indexes for table `choices`
--
ALTER TABLE `choices`
  ADD KEY `question_id` (`question_id`);

--
-- Indexes for table `courses`
--
ALTER TABLE `courses`
  ADD PRIMARY KEY (`id`);

--
-- Indexes for table `exams`
--
ALTER TABLE `exams`
  ADD PRIMARY KEY (`id`),
  ADD KEY `course_id` (`course_id`),
  ADD KEY `prof_id` (`prof_id`);

--
-- Indexes for table `professors`
--
ALTER TABLE `professors`
  ADD PRIMARY KEY (`id`);

--
-- Indexes for table `professors_seq`
--
ALTER TABLE `professors_seq`
  ADD PRIMARY KEY (`id`);

--
-- Indexes for table `questions`
--
ALTER TABLE `questions`
  ADD PRIMARY KEY (`id`),
  ADD KEY `exam_id` (`exam_id`);

--
-- Indexes for table `responses`
--
ALTER TABLE `responses`
  ADD PRIMARY KEY (`id`),
  ADD KEY `student_id` (`student_id`),
  ADD KEY `exam_id` (`exam_id`),
  ADD KEY `session_id` (`session_id`);

--
-- Indexes for table `sessions`
--
ALTER TABLE `sessions`
  ADD PRIMARY KEY (`id`);

--
-- Indexes for table `students`
--
ALTER TABLE `students`
  ADD PRIMARY KEY (`id`);

--
-- Indexes for table `students_seq`
--
ALTER TABLE `students_seq`
  ADD PRIMARY KEY (`id`);

--
-- Indexes for table `take`
--
ALTER TABLE `take`
  ADD KEY `id` (`id`),
  ADD KEY `course_id` (`course_id`);

--
-- Indexes for table `teach`
--
ALTER TABLE `teach`
  ADD KEY `id` (`id`),
  ADD KEY `course_id` (`course_id`);

--
-- AUTO_INCREMENT for dumped tables
--

--
-- AUTO_INCREMENT for table `courses`
--
ALTER TABLE `courses`
  MODIFY `id` int(20) NOT NULL AUTO_INCREMENT, AUTO_INCREMENT=13;
--
-- AUTO_INCREMENT for table `exams`
--
ALTER TABLE `exams`
  MODIFY `id` int(20) NOT NULL AUTO_INCREMENT, AUTO_INCREMENT=124;
--
-- AUTO_INCREMENT for table `professors_seq`
--
ALTER TABLE `professors_seq`
  MODIFY `id` int(11) NOT NULL AUTO_INCREMENT, AUTO_INCREMENT=15;
--
-- AUTO_INCREMENT for table `questions`
--
ALTER TABLE `questions`
  MODIFY `id` int(20) NOT NULL AUTO_INCREMENT, AUTO_INCREMENT=151;
--
-- AUTO_INCREMENT for table `responses`
--
ALTER TABLE `responses`
  MODIFY `id` int(11) NOT NULL AUTO_INCREMENT, AUTO_INCREMENT=861;
--
-- AUTO_INCREMENT for table `sessions`
--
ALTER TABLE `sessions`
  MODIFY `id` int(11) NOT NULL AUTO_INCREMENT, AUTO_INCREMENT=249;
--
-- AUTO_INCREMENT for table `students_seq`
--
ALTER TABLE `students_seq`
  MODIFY `id` int(11) NOT NULL AUTO_INCREMENT, AUTO_INCREMENT=92;
--
-- Constraints for dumped tables
--

--
-- Constraints for table `responses`
--
ALTER TABLE `responses`
  ADD CONSTRAINT `responses_ibfk_1` FOREIGN KEY (`session_id`) REFERENCES `sessions` (`id`);

/*!40101 SET CHARACTER_SET_CLIENT=@OLD_CHARACTER_SET_CLIENT */;
/*!40101 SET CHARACTER_SET_RESULTS=@OLD_CHARACTER_SET_RESULTS */;
/*!40101 SET COLLATION_CONNECTION=@OLD_COLLATION_CONNECTION */;
